episode,dist,cost,score,entropy,"(0,0,0)","(1,0,0)","(0,1,0)","(0,0,1)","(1,1,0)","(1,0,1)","(0,1,1)","(1,1,1)"
0,116.72131147540983,116.72131147540983,2440,0.19547339,246,295,861,364,177,708,220,356
